Trait,R² Train,R² Test,RMSE Test
EXT,0.026771228677009318,0.012373661263487268,0.9835864507890875
NEU,0.05371220153551681,0.04223559877336669,0.9755936320223263
AGR,0.05047954777483543,0.038300050398126784,0.9867610114093438
CON,0.05337573444511157,0.0418941042445814,0.9831211921979269
OPN,0.058368299893290065,0.04543045314155103,0.9744401018622045
